draft_year,player,player_id,rookie_season,minutes_used,PTS,TRB,AST,hit_cap,STL,BLK,TOV,_key,_done,_failed
2007.0,Yi Jianlian,jianlyi01,2008,900.0,346.54285714285714,198.48571428571427,30.0,,20.885714285714283,34.0,52.771428571428565,"('jianlyi01', 2008)",False,False
2000.0,Kenyon Martin,martike01,2001,900.0,287.5159914712154,197.84221748400856,46.0,True,,,,,,
2000.0,Stromile Swift,swiftst01,2001,900.0,276.0238290879211,186.75595727198024,17.0,True,,,,,,
2000.0,Darius Miles,milesda01,2001,900.0,316.0553846153846,227.52307692307693,46.51384615384615,True,,,,,,
2000.0,Marcus Fizer,fizerma01,2001,900.0,354.02936857562406,188.726872246696,47.0,True,,,,,,
2000.0,Mike Miller,millemi01,2001,900.0,328.808327351041,154.81909547738695,56.0,True,,,,,,
2006.0,Craig Smith,smithcr01,2007,900.0,347.12457337883967,255.55517633674637,31.0,,31.0,13.0,45.0,"('smithcr01', 2007)",False,False
2006.0,Jordan Farmar,farmajo01,2007,900.0,285.9957627118644,90.66313559322037,113.33262711864407,,36.332627118644076,4.0,61.33050847457629,"('farmajo01', 2007)",False,False
2006.0,Marcus Williams,willima03,2007,900.0,385.6451937594365,110.87267237040768,163.15450427780576,,24.0,1.0,89.15450427780577,"('willima03', 2007)",False,False
2002.0,Yao Ming,mingya01,2003,900.0,444.6162162162162,272.07747747747743,48.0,,9.51291291291291,64.51291291291291,71.51291291291291,,,
2002.0,Drew Gooden,goodedr01,2003,900.0,436.8571428571427,190.85714285714283,49.85714285714284,,26.85714285714284,18.0,81.71428571428568,,,
2002.0,Mike Dunleavy,dunlemi02,2003,900.0,320.12624584717605,135.687707641196,71.37541528239201,,37.37541528239201,14.0,59.0,,,
2002.0,Nikoloz Tskitishvili,tskitni01,2003,900.0,216.93403693931396,129.20052770448544,54.0,,22.0,18.73350923482848,59.20052770448545,,,
2002.0,Dajuan Wagner,wagneda02,2003,900.0,412.1122770199369,43.86516264428121,78.0,,25.86516264428121,3.0,54.0,,,
2002.0,Amar'e Stoudemire,stoudam01,2003,900.0,341.7549348230912,260.6465549348231,24.046182495344507,,23.0,35.09236499068901,62.18472998137802,,,
2001.0,Pau Gasol,gasolpa01,2002,900.0,399.4927113702624,206.7040816326531,47.83090379008748,,10.95772594752187,50.95772594752187,58.95772594752187,,,
2000.0,Khalid El-Amin,elamikh01,2001,900.0,314.0,78.53915662650597,142.0,,48.0,2.0,51.0,,,
2000.0,Hanno Möttölä,mottoha01,2001,900.0,283.841225626741,158.30153203342624,21.460306406685245,,11.0,7.0,62.92061281337049,,,
2000.0,Chris Porter,portech01,2001,900.0,330.29012345679007,151.81790123456787,45.81790123456788,,37.32716049382715,5.163580246913575,40.81790123456788,,,
2001.0,Tyson Chandler,chandty01,2002,900.0,275.4085393258427,217.40853932584272,38.0,,22.0,62.420224719101135,68.85213483146067,,,
2001.0,Shane Battier,battish01,2002,900.0,325.3002660585329,109.86849106803496,55.38958570885595,,40.173698213607,22.173698213606997,40.0,,,
2001.0,Jason Richardson,richaja01,2002,900.0,361.4656014203284,136.9236573457612,88.69462938304483,,39.88548601864181,14.0,43.0,,,
2001.0,Jason Collins,collija04,2002,900.0,205.0,207.736797274276,50.82453151618397,,15.0,31.0,48.0,,,
2001.0,Troy Murphy,murphtr01,2002,900.0,304.89790337283506,215.89790337283503,37.0,,26.94895168641752,15.0,56.89790337283503,,,
2001.0,Vladimir Radmanović,radmavl01,2002,900.0,293.2342657342658,171.74475524475525,56.58158508158509,,35.16317016317018,17.58158508158509,56.58158508158509,,,
2001.0,Brendan Haywood,haywobr01,2002,900.0,224.75471698113205,248.56603773584905,21.0,,12.188679245283012,64.0,36.0,,,
2001.0,Tony Parker,parketo01,2002,900.0,315.85096434833434,81.24313267095268,127.30391583869084,,42.12156633547634,3.0,69.12156633547634,,,
2001.0,Terence Morris,morrite01,2002,900.0,192.51396648044692,161.88547486033522,56.62849162011174,,19.0,23.62849162011174,33.62849162011174,,,
2001.0,Jamaal Tinsley,tinslja01,2002,900.0,285.05645161290323,120.14247311827955,255.1989247311828,,52.456989247311824,16.0,98.91397849462363,,,
2001.0,Trenton Hassell,hassetr01,2002,900.0,280.3646702047006,88.22744503411676,55.22744503411676,,20.45489006823352,16.0,39.22744503411676,,,
2002.0,Nenê,hilarne01,2003,900.0,317.0259522812892,203.87568020092087,56.57513604018418,,53.437840100460434,30.28756802009209,78.57513604018418,,,
2002.0,Casey Jacobsen,jacobca01,2003,900.0,309.89586028460536,58.6319534282018,52.08796895213453,,23.543984476067266,6.0,39.54398447606727,,,
2002.0,Vincent Yarbrough,yarbrvi01,2003,900.0,277.3670502725621,95.70745003028468,84.41490006056935,,39.0,21.353725015142334,55.70745003028468,,,
2002.0,Rasual Butler,butlera01,2003,900.0,323.8042909471481,107.0,52.98220826792255,,11.0,24.98220826792255,42.98220826792255,,,
2002.0,Carlos Boozer,boozeca01,2003,900.0,346.1673536685904,242.5943940643035,36.5729596042869,,32.5729596042869,24.1459192085738,42.2918384171476,,,
2002.0,Caron Butler,butleca01,2003,900.0,312.8354324097397,150.40050377833754,63.70025188916876,,35.70025188916876,7.0,69.23341729638959,,,
2001.0,Gilbert Arenas,arenagi01,2002,900.0,399.9705742762222,96.83293782629332,131.83293782629332,,47.19411485524443,9.638822971048889,72.83293782629332,,,
2001.0,Jarron Collins,collija03,2002,900.0,289.06382978723394,174.31914893617014,34.91489361702127,,18.914893617021267,16.0,33.829787234042534,,,
2001.0,Earl Watson,watsoea01,2002,900.0,218.0,78.21402214022137,110.64206642066412,,56.0,5.0,45.214022140221374,,,
2002.0,Jay Williams,willija03,2003,900.0,309.11141011840687,100.0048439181916,166.01453175457482,,43.00968783638321,6.0,75.0145317545748,,,
2006.0,Rajon Rondo,rondora01,2007,900.0,252.41834862385318,141.1394495412844,159.0697247706422,,64.20917431192659,5.0,78.20917431192659,"('rondora01', 2007)",False,False
2006.0,Renaldo Balkman,balkmre01,2007,900.0,270.1632382216324,243.42402123424023,40.0,,47.0,39.0,41.0,"('balkmre01', 2007)",False,False
2006.0,Rodney Carney,carnero01,2007,900.0,328.6373937677053,92.84985835694043,15.424929178470217,,27.212464589235108,17.212464589235108,33.0,"('carnero01', 2007)",False,False
2006.0,Rudy Gay,gayru01,2007,900.0,330.33333333333337,153.44444444444446,37.0,,37.0,31.72222222222223,57.0,"('gayru01', 2007)",False,False
2006.0,Randy Foye,foyera01,2007,900.0,390.74569789674956,104.21606118546849,99.05927342256219,,28.0,15.0,78.0,"('foyera01', 2007)",False,False
2006.0,Brandon Roy,roybr01,2007,900.0,413.88511749347265,115.98955613577024,93.44255874673634,,35.0,5.0,43.484334203655365,"('roybr01', 2007)",False,False
2006.0,Shelden Williams,willish02,2007,900.0,241.72344013490724,253.15430016863402,23.861720067453614,,28.0,23.430860033726805,59.0,"('willish02', 2007)",False,False
2006.0,Tyrus Thomas,thomaty01,2007,900.0,354.74573378839585,252.74573378839588,35.74914675767918,,41.49829351535835,75.0,90.0,"('thomaty01', 2007)",False,False
2006.0,Adam Morrison,morriad01,2007,900.0,365.19200351493856,81.36423550087873,54.821177504393695,,11.0,3.0,50.0,"('morriad01', 2007)",False,False
2006.0,LaMarcus Aldridge,aldrila01,2007,900.0,325.45380984490885,180.93931220498987,16.0,,9.0,45.93931220498987,29.939312204989868,"('aldrila01', 2007)",False,False
2006.0,Andrea Bargnani,bargnan01,2007,900.0,398.4681318681319,148.19505494505495,27.0,,17.03901098901099,36.03901098901099,58.03901098901099,"('bargnan01', 2007)",False,False
2005.0,Orien Greene,greenor01,2006,900.0,170.4074941451991,107.06791569086651,100.20374707259955,,53.0,6.0,79.13583138173304,"('greenor01', 2006)",False,False
2005.0,Ryan Gomes,gomesry01,2006,900.0,294.3245033112583,198.66225165562915,30.665562913907287,,20.0,2.0,30.0,"('gomesry01', 2006)",False,False
2005.0,Daniel Ewing,ewingda01,2006,900.0,228.40318906605924,81.70159453302962,74.8507972665148,,31.85079726651481,6.0,51.0,"('ewingda01', 2006)",False,False
2005.0,Salim Stoudamire,stoudsa01,2006,900.0,429.9435540069686,84.73588850174215,59.0,,20.0,3.0,64.24529616724739,"('stoudsa01', 2006)",False,False
2005.0,David Lee,leeda02,2006,900.0,267.58390804597695,250.58390804597698,34.79195402298849,,17.395977011494246,15.583908045976983,44.395977011494246,"('leeda02', 2006)",False,False
2005.0,Johan Petro,petrojo01,2006,900.0,238.05916030534348,218.412213740458,9.0,,14.0,36.0,40.67652671755725,"('petrojo01', 2006)",False,False
2005.0,Luther Head,headlu01,2006,900.0,289.09219858156035,110.54609929078016,75.27304964539009,,32.136524822695044,3.0,51.409574468085125,"('headlu01', 2006)",False,False
2005.0,Francisco García,garcifr01,2006,900.0,253.14285714285708,117.0,64.85714285714285,,27.0,31.0,50.0,"('garcifr01', 2006)",False,False
2005.0,Jarrett Jack,jackja01,2006,900.0,281.4377182770663,95.87543655413268,117.43771827706634,,25.21885913853317,1.0,53.65657741559951,"('jackja01', 2006)",False,False
2005.0,Nate Robinson,robinna01,2006,900.0,393.3100201748486,117.0,83.92333557498318,,27.923335574983177,1.0,71.92333557498318,"('robinna01', 2006)",False,False
2005.0,Joey Graham,grahajo01,2006,900.0,295.6504683840749,136.06147540983605,35.0,,17.0,4.0,59.0,"('grahajo01', 2006)",False,False
2005.0,Rashad McCants,mccanra01,2006,900.0,421.84375,97.98958333333333,34.979166666666664,,31.979166666666668,20.989583333333332,57.0,"('mccanra01', 2006)",False,False
2005.0,Ike Diogu,dioguik01,2006,900.0,412.19764878765614,189.76267450404114,28.0,,9.0,23.836149889786924,70.0,"('dioguik01', 2006)",False,False
2005.0,Channing Frye,fryech01,2006,900.0,501.9426229508196,208.84426229508193,30.098360655737697,,16.0,30.0,55.0,"('fryech01', 2006)",False,False
2005.0,Charlie Villanueva,villach01,2006,900.0,439.0358890701469,184.41435562805876,32.73572593800979,,25.0,25.735725938009793,39.73572593800979,"('villach01', 2006)",False,False
2005.0,Martell Webster,webstma02,2006,900.0,324.807403701851,106.83641820910458,27.134567283641832,,14.0,11.567283641820916,37.0,"('webstma02', 2006)",False,False
2005.0,Raymond Felton,feltora01,2006,900.0,303.9009100101112,108.840242669363,149.840242669363,,41.0,5.0,74.0,"('feltora01', 2006)",False,False
2005.0,Chris Paul,paulch01,2006,900.0,404.8784246575342,149.29280821917808,171.77568493150685,,55.25856164383561,1.0,61.25856164383561,"('paulch01', 2006)",False,False
2005.0,Deron Williams,willide01,2006,900.0,325.33909574468083,84.21143617021276,144.21143617021278,,24.14095744680851,8.0,64.28191489361701,"('willide01', 2006)",False,False
2005.0,Marvin Williams,willima02,2006,900.0,270.00787401574803,174.38188976377953,28.0,,24.0,12.625984251968504,40.0,"('willima02', 2006)",False,False
2005.0,Andrew Bogut,bogutan01,2006,900.0,286.32449903038133,238.90562378797668,66.58112475759533,,24.0,29.0,41.74337427278601,"('bogutan01', 2006)",False,False
2004.0,Trevor Ariza,arizatr01,2005,900.0,302.3027278775781,141.65136393878905,65.82568196939452,,44.825681969394516,11.0,48.825681969394516,"('arizatr01', 2005)",False,False
2004.0,Chris Duhon,duhonch01,2005,900.0,159.110251450677,85.9110251450677,180.4661508704062,,35.911025145067704,0.0,65.7330754352031,"('duhonch01', 2005)",False,False
2004.0,Beno Udrih,udrihbe01,2005,900.0,369.19813519813516,66.0,126.0,,38.0,8.0,58.118881118881085,"('udrihbe01', 2005)",False,False
2004.0,Tony Allen,allento01,2005,900.0,358.40127388535024,168.06687898089172,52.53343949044585,,63.53343949044585,18.533439490445854,61.0,"('allento01', 2005)",False,False
2004.0,Jameer Nelson,nelsoja01,2005,900.0,380.31523178807953,114.0927152317881,143.11125827814573,,47.01854304635762,2.0,65.01854304635762,"('nelsoja01', 2005)",False,False
2004.0,J.R. Smith,smithjr01,2005,900.0,306.41389728096664,68.012084592145,64.012084592145,,26.670694864048333,11.0,42.68277945619333,"('smithjr01', 2005)",False,False
2004.0,Josh Smith,smithjo03,2005,900.0,303.6030719482619,207.0,62.26030719482619,,31.0,66.0,59.0,"('smithjo03', 2005)",False,False
2004.0,Kirk Snyder,snydeki01,2005,900.0,337.90250696378826,120.91643454038994,36.0,,26.0,19.0,57.986072423398326,"('snydeki01', 2005)",False,False
2004.0,Al Jefferson,jeffeal01,2005,900.0,400.6989795918366,266.47959183673464,18.0,,18.36989795918366,51.0,56.36989795918366,"('jeffeal01', 2005)",False,False
2004.0,Sebastian Telfair,telfase01,2005,900.0,314.10353053435125,73.65314885496184,142.91889312977102,,18.95944656488551,2.0,91.95944656488551,"('telfase01', 2005)",False,False
2004.0,Andre Iguodala,iguodan01,2005,900.0,242.62935689739814,155.57339224349533,76.0,,50.0,22.0,50.258713794796265,"('iguodan01', 2005)",False,False
2004.0,Luol Deng,denglu01,2005,900.0,406.31268436578165,165.34218289085544,72.71386430678464,,28.54277286135693,12.54277286135693,57.54277286135693,"('denglu01', 2005)",False,False
2004.0,Josh Childress,childjo01,2005,900.0,261.34715025906735,182.1839378238342,56.67357512953369,,29.0,20.673575129533685,43.0,"('childjo01', 2005)",False,False
2004.0,Devin Harris,harride01,2005,900.0,331.27148437500006,63.28320312500001,127.283203125,,58.427734375,12.427734375000002,67.283203125,"('harride01', 2005)",False,False
2004.0,Ben Gordon,gordobe01,2005,900.0,523.6522248243557,90.94203747072595,72.88407494145191,,24.0,2.0,96.9613583138173,"('gordobe01', 2005)",False,False
2004.0,Emeka Okafor,okafoem01,2005,900.0,375.744966442953,287.1984060402684,27.093120805369125,,20.0,33.0,48.093120805369125,"('okafoem01', 2005)",False,False
2004.0,Dwight Howard,howardw01,2005,900.0,295.0442779291553,284.0354223433242,35.0,,24.0,50.0,61.01771117166213,"('howardw01', 2005)",False,False
2003.0,Keith Bogans,boganke01,2004,900.0,274.0717319490325,179.62199150542705,53.48324681453514,,23.0,6.0,39.31099575271352,"('boganke01', 2004)",False,False
2003.0,Steve Blake,blakest01,2004,900.0,273.72753623188413,69.57584541062805,146.43188405797105,,43.0,5.0,70.28792270531403,"('blakest01', 2004)",False,False
2003.0,Josh Howard,howarjo01,2004,900.0,324.5587828492393,221.51175656984788,57.2676348547718,,40.0,31.755878284923934,41.75587828492393,"('howarjo01', 2004)",False,False
2003.0,Leandro Barbosa,barbole01,2004,900.0,333.35298742138366,68.59276729559748,104.38915094339623,,55.389150943396224,4.796383647798741,81.0,"('barbole01', 2004)",False,False
2003.0,Boris Diaw,diawbo01,2004,900.0,135.80585734529996,160.50732168162494,87.40292867264998,,24.850732168162494,20.0,73.8507321681625,"('diawbo01', 2004)",False,False
2003.0,Sasha Pavlović,pavloal01,2004,900.0,319.9397590361447,119.73493975903618,49.73493975903618,,36.86746987951809,11.0,59.0,"('pavloal01', 2004)",False,False
2003.0,David West,westda01,2004,900.0,261.99030694668824,288.99192245557356,57.99676898222941,,24.0,26.996768982229415,46.0,"('westda01', 2004)",False,False
2003.0,Luke Ridnour,ridnolu01,2004,900.0,306.73333333333335,85.0,126.57777777777777,,44.36666666666666,5.0,68.0,"('ridnolu01', 2004)",False,False
2003.0,Marcus Banks,banksma01,2004,900.0,288.0,95.0,118.26515837104073,,49.530316742081446,10.0,86.26515837104073,"('banksma01', 2004)",False,False
2003.0,Jarvis Hayes,hayesja01,2004,900.0,304.7276726792786,117.74043114826226,44.493620765508176,,34.493620765508176,8.0,51.87021557413113,"('hayesja01', 2004)",False,False
2003.0,T.J. Ford,fordtj01,2004,900.0,227.34997344662767,118.78332448220922,214.1332979288369,,40.89166224110461,3.0,84.78332448220922,"('fordtj01', 2004)",False,False
2003.0,Kirk Hinrich,hinriki01,2004,900.0,279.904468412943,79.97611710323575,153.9522342064715,,30.952234206471495,8.0,81.92835130970724,"('hinriki01', 2004)",False,False
2003.0,Chris Kaman,kamanch01,2004,900.0,261.95176252319106,243.58070500927641,39.0,,8.0,37.0,84.0,"('kamanch01', 2004)",False,False
2003.0,Dwyane Wade,wadedw01,2004,900.0,407.51269035532994,107.22842639593908,105.9424703891709,,34.742808798646365,16.74280879864636,73.74280879864637,"('wadedw01', 2004)",False,False
2003.0,Chris Bosh,boshch01,2004,900.0,307.3255184851218,190.0784490532011,25.707844905320112,,14.70784490532011,42.70784490532011,33.12353471596033,"('boshch01', 2004)",False,False
2003.0,Carmelo Anthony,anthoca01,2004,900.0,472.45702127659564,166.97021276595743,76.78808510638297,,34.0,22.0,74.78808510638297,"('anthoca01', 2004)",False,False
2003.0,LeBron James,jamesle01,2004,900.0,386.99963302752303,146.3783486238532,140.83779816513763,,28.0,14.0,80.91889908256881,"('jamesle01', 2004)",False,False
2000.0,DerMarr Johnson,johnsde03,2001,900.0,291.88653366583543,113.59102244389028,48.0,True,,,,,,
2007.0,Jeff Green,greenje02,2008,900.0,325.59267734553777,182.79633867276888,46.62700228832952,,17.0,24.0,72.54233409610984,"('greenje02', 2008)",False,False
2007.0,Mike Conley,conlemi01,2008,900.0,304.2767962308598,78.11071849234392,151.11071849234392,,31.05535924617196,1.0,58.11071849234392,"('conlemi01', 2008)",False,False
2007.0,Al Horford,horfoal01,2008,900.0,260.9664478482859,273.39022611232673,33.847556528081675,,29.0,30.84755652808168,57.847556528081675,"('horfoal01', 2008)",False,False
2007.0,Kevin Durant,duranke01,2008,900.0,536.1828947368422,115.93947368421054,54.9092105263158,,26.969736842105267,30.969736842105267,87.84868421052633,"('duranke01', 2008)",False,False
2006.0,Paul Millsap,millspa01,2007,900.0,351.78656801365975,256.92885600455327,35.15480933409221,,37.0,52.0,60.30961866818442,"('millspa01', 2007)",False,False
2006.0,Daniel Gibson,gibsoda01,2007,900.0,251.77281746031758,86.57440476190479,62.0,,17.524801587301596,7.0,42.0,"('gibsoda01', 2007)",False,False
2001.0,Richard Jefferson,jefferi01,2002,900.0,329.11968606932635,144.6056245912361,72.0,,25.302812295618047,29.0,50.30281229561805,,,
2001.0,Joe Johnson,johnsjo02,2002,900.0,284.7032854209446,132.56776180698154,71.56776180698152,,33.0,8.567761806981528,21.56776180698153,,,
2001.0,Eddie Griffin,griffed01,2002,900.0,332.5935483870968,216.20887096774197,24.91209677419355,,9.8241935483871,70.6483870967742,30.0,,,
2001.0,Eddy Curry,curryed01,2002,900.0,380.02762430939214,214.0276243093921,19.0,,13.0,41.75690607734804,56.0,,,
2000.0,Jamaal Magloire,magloja01,2001,900.0,276.1787916152898,237.9741060419236,26.0,,14.0,57.0,50.0,,,
2000.0,Jake Tsakalidis,tsakaja01,2001,900.0,242.3620539599651,231.18102697998253,19.0,,10.0,53.0,60.13577023498691,,,
2000.0,Morris Peterson,petermo01,2001,900.0,376.0876736111111,138.47048611111111,40.0,,29.86762152777777,9.0,42.86762152777778,,,
2000.0,Hedo Türkoğlu,turkohe01,2001,900.0,260.66826003824093,151.00095602294456,47.33365200764818,,37.33365200764818,18.0,41.0,,,
2000.0,Desmond Mason,masonde01,2001,900.0,282.3701968134957,135.79006560449855,40.89503280224928,,23.895032802249283,12.0,44.0,,,
2000.0,Quentin Richardson,richaqu01,2001,900.0,388.3046025104603,161.3046025104603,36.61422594142262,,27.0,7.0,46.53807531380754,,,
2000.0,Mateen Cleaves,cleavma01,2001,900.0,319.543103448276,88.0,135.38577586206898,,39.38577586206898,1.0,100.0,,,
2005.0,Danny Granger,grangda01,2006,900.0,282.4190902311708,194.903057419836,42.25801640566742,True,,,,,,
2000.0,Courtney Alexander,alexaco02,2001,900.0,351.62086843810744,101.0,38.90149060272196,,29.90149060272196,3.90149060272196,51.80298120544392,,,
2000.0,Keyon Dooling,doolike01,2001,900.0,321.9893992932864,61.1236749116608,128.1236749116608,True,,,,,,
2000.0,Jamal Crawford,crawfja01,2001,900.0,240.8248587570621,70.32994350282485,124.16497175141242,True,,,,,,
2000.0,Chris Mihm,mihmch01,2001,900.0,339.69602272727275,215.2784090909091,10.37973484848485,True,,,,,,
2005.0,Monta Ellis,ellismo01,2006,886.0333333333334,334.0,105.0,78.0,,32.0,11.0,58.0,"('ellismo01', 2006)",False,False
2001.0,Will Solomon,solomwi01,2002,883.1833333333332,321.0,68.0,92.0,,35.0,7.0,62.0,,,
2002.0,Kareem Rush,rushka01,2003,874.7500000000001,227.0,94.0,68.0,,10.0,11.0,63.0,,,
2004.0,Kris Humphries,humphkr01,2005,869.0500000000002,278.0,197.0,43.0,,25.0,18.0,52.0,"('humphkr01', 2005)",False,False
2004.0,Anderson Varejão,varejan01,2005,868.7833333333333,266.0,257.0,27.0,,41.0,38.0,26.0,"('varejan01', 2005)",False,False
2006.0,Thabo Sefolosha,sefolth01,2007,867.9333333333328,256.0,153.0,60.0,,33.0,11.0,60.0,"('sefolth01', 2007)",False,False
2006.0,Sergio Rodríguez,rodrise01,2007,861.8166666666672,247.0,91.0,218.0,,35.0,2.0,77.0,"('rodrise01', 2007)",False,False
2003.0,Kyle Korver,korveky01,2004,861.7666666666668,330.0,111.0,40.0,,25.0,8.0,41.0,"('korveky01', 2004)",False,False
2004.0,Shaun Livingston,livinsh01,2005,820.05,222.0,89.0,151.0,,32.0,11.0,75.0,"('livinsh01', 2005)",False,False
2001.0,Kwame Brown,brownkw01,2002,817.0999999999998,258.0,198.0,43.0,,16.0,26.0,43.0,,,
2004.0,Royal Ivey,iveyro01,2005,813.5166666666667,220.0,84.0,103.0,,39.0,7.0,58.0,"('iveyro01', 2005)",False,False
2002.0,Melvin Ely,elyme01,2003,802.9999999999999,236.0,174.0,15.0,,10.0,32.0,50.0,,,
2006.0,David Noel,noelda01,2007,791.7500000000001,184.0,123.0,65.0,,25.0,9.0,40.0,"('noelda01', 2007)",False,False
2006.0,Mardy Collins,collima01,2007,777.0833333333335,235.0,104.0,83.0,,32.0,3.0,57.0,"('collima01', 2007)",False,False
2003.0,Mo Williams,willima01,2004,772.9499999999999,284.0,72.0,76.0,,28.0,2.0,51.0,"('willima01', 2004)",False,False
2003.0,Willie Green,greenwi01,2004,767.1166666666667,364.0,65.0,53.0,,26.0,5.0,59.0,"('greenwi01', 2004)",False,False
2004.0,David Harrison,harrida01,2005,759.9166666666665,264.0,135.0,13.0,,16.0,55.0,53.0,"('harrida01', 2005)",False,False
2002.0,Dan Gadzuric,gadzuda01,2003,759.35,169.0,197.0,9.0,,22.0,52.0,27.0,,,
2006.0,Alexander Johnson,johnsal01,2007,752.6833333333332,260.0,181.0,17.0,,25.0,35.0,47.0,"('johnsal01', 2007)",False,False
2003.0,Mickaël Piétrus,pietrmi01,2004,752.4333333333334,279.0,119.0,27.0,,32.0,12.0,40.0,"('pietrmi01', 2004)",False,False
2004.0,Rafael Araújo,araujra01,2005,735.6166666666666,196.0,185.0,16.0,,21.0,8.0,52.0,"('araujra01', 2005)",False,False
2005.0,Hakim Warrick,warriha01,2006,724.0166666666668,278.0,144.0,30.0,,14.0,21.0,56.0,"('warriha01', 2006)",False,False
2006.0,Leon Powe,powele01,2007,719.8666666666667,264.0,215.0,10.0,,14.0,22.0,47.0,"('powele01', 2007)",False,False
2003.0,Luke Walton,waltolu01,2004,718.0000000000002,174.0,127.0,113.0,,28.0,8.0,44.0,"('waltolu01', 2004)",False,False
2004.0,Jackson Vroman,vromaja01,2005,706.1000000000001,212.0,175.0,40.0,,25.0,19.0,64.0,"('vromaja01', 2005)",False,False
2002.0,Lonny Baxter,baxtelo01,2003,683.6,262.0,165.0,16.0,,9.0,22.0,46.0,,,
2006.0,Ronnie Brewer,brewero02,2007,675.0999999999997,260.0,75.0,24.0,,37.0,6.0,24.0,"('brewero02', 2007)",False,False
2006.0,Josh Boone,boonejo01,2007,668.6500000000002,254.0,176.0,10.0,,11.0,21.0,33.0,"('boonejo01', 2007)",False,False
2002.0,Chris Jefferies,jeffech01,2003,666.6166666666667,197.0,59.0,22.0,,19.0,16.0,45.0,,,
2006.0,Solomon Jones,jonesso01,2007,665.7166666666667,189.0,136.0,11.0,,11.0,42.0,25.0,"('jonesso01', 2007)",False,False
2003.0,Zaza Pachulia,pachuza01,2004,658.9333333333333,194.0,174.0,13.0,,21.0,12.0,34.0,"('pachuza01', 2004)",False,False
2002.0,Juan Dixon,dixonju01,2003,648.5166666666667,270.0,72.0,40.0,,26.0,3.0,42.0,,,
2000.0,Mark Madsen,madsema01,2001,636.9333333333333,137.0,152.0,24.0,,8.0,8.0,27.0,,,
2006.0,Hilton Armstrong,armsthi01,2007,634.15,176.0,149.0,10.0,,12.0,26.0,35.0,"('armsthi01', 2007)",False,False
2000.0,A.J. Guyton,guytoaj01,2001,628.55,198.0,36.0,64.0,,9.0,5.0,24.0,,,
2006.0,JJ Redick,redicjj01,2007,622.4000000000001,252.0,52.0,36.0,,12.0,0.0,21.0,"('redicjj01', 2007)",False,False
2003.0,Žarko Čabarkapa,cabarza01,2004,574.5833333333335,203.0,99.0,40.0,,10.0,13.0,54.0,"('cabarza01', 2004)",False,False
2001.0,Kenny Satterfield,satteke01,2002,559.8666666666668,189.0,52.0,108.0,,31.0,1.0,53.0,,,
2006.0,Shawne Williams,willish03,2007,556.2666666666667,180.0,83.0,22.0,,6.0,8.0,24.0,"('willish03', 2007)",False,False
2000.0,Eddie House,houseed01,2001,544.8333333333333,251.0,42.0,52.0,,13.0,0.0,35.0,,,
2006.0,Cedric Simmons,simmoce01,2007,533.9333333333333,126.0,107.0,12.0,,8.0,23.0,22.0,"('simmoce01', 2007)",False,False
2004.0,Viktor Khryapa,khryavi01,2005,529.0666666666667,135.0,108.0,25.0,,20.0,18.0,33.0,"('khryavi01', 2005)",False,False
2005.0,Linas Kleiza,kleizli01,2006,518.9333333333334,213.0,116.0,15.0,,10.0,13.0,16.0,"('kleizli01', 2006)",False,False
2002.0,Dan Dickau,dickada01,2003,518.1333333333332,183.0,43.0,85.0,,14.0,2.0,53.0,,,
2001.0,Loren Woods,woodslo01,2002,515.7666666666667,110.0,122.0,22.0,,17.0,34.0,36.0,,,
2001.0,Steven Hunter,huntest01,2002,514.0166666666667,189.0,97.0,5.0,,5.0,43.0,16.0,,,
2003.0,Travis Hansen,hansetr01,2004,509.53333333333336,123.0,70.0,19.0,,10.0,9.0,15.0,"('hansetr01', 2004)",False,False
2004.0,Delonte West,westde01,2005,504.55,175.0,65.0,53.0,,21.0,8.0,24.0,"('westde01', 2005)",False,False
2003.0,Mike Sweetney,sweetmi01,2004,496.71666666666675,180.0,157.0,14.0,,18.0,12.0,32.0,"('sweetmi01', 2004)",False,False
2006.0,Hassan Adams,adamsha01,2007,495.4499999999998,174.0,77.0,13.0,,17.0,4.0,22.0,"('adamsha01', 2007)",False,False
2002.0,John Salmons,salmojo01,2003,495.1666666666667,132.0,59.0,47.0,,17.0,6.0,29.0,,,
2002.0,Chris Wilcox,wilcoch01,2003,479.7333333333334,171.0,104.0,21.0,,7.0,12.0,26.0,,,
2003.0,Zoran Planinić,planizo01,2004,467.03333333333336,153.0,55.0,68.0,,13.0,3.0,36.0,"('planizo01', 2004)",False,False
2004.0,Kevin Martin,martike02,2005,458.1500000000001,131.0,58.0,22.0,False,,,,,,
2001.0,Alton Ford,fordal02,2002,449.6666666666668,164.0,107.0,7.0,,6.0,7.0,32.0,,,
2006.0,Dee Brown,brownde03,2007,449.5666666666666,94.0,40.0,83.0,,22.0,7.0,31.0,"('brownde03', 2007)",False,False
2002.0,Ryan Humphrey,humphry01,2003,443.3,93.0,99.0,11.0,,9.0,18.0,23.0,,,
2002.0,Marcus Haislip,haislma01,2003,441.3500000000001,161.0,53.0,9.0,,7.0,18.0,21.0,,,
2003.0,Brian Cook,cookbr01,2004,437.7999999999999,155.0,101.0,20.0,,16.0,16.0,17.0,"('cookbr01', 2004)",False,False
2004.0,Matt Freije,freijma01,2005,436.96666666666664,93.0,61.0,20.0,,13.0,2.0,17.0,"('freijma01', 2005)",False,False
2002.0,Tayshaun Prince,princta01,2003,435.44999999999993,137.0,45.0,24.0,,10.0,14.0,21.0,,,
2004.0,Donta Smith,smithdo04,2005,433.63333333333327,127.0,52.0,39.0,,23.0,5.0,25.0,"('smithdo04', 2005)",False,False
2000.0,Eduardo Nájera,najered01,2001,432.61666666666673,131.0,95.0,27.0,,13.0,8.0,17.0,,,
2001.0,Gerald Wallace,wallage01,2002,431.7333333333335,173.0,89.0,27.0,,19.0,6.0,22.0,,,
2004.0,Lionel Chalmers,chalmli01,2005,424.36666666666673,111.0,31.0,51.0,,13.0,0.0,24.0,"('chalmli01', 2005)",False,False
2003.0,Jason Kapono,kaponja01,2004,423.35,145.0,55.0,14.0,,13.0,2.0,21.0,"('kaponja01', 2004)",False,False
2005.0,Wayne Simien,simiewa01,2006,414.2666666666668,146.0,88.0,7.0,,13.0,1.0,24.0,"('simiewa01', 2006)",False,False
2003.0,Brandon Hunter,huntebr01,2004,404.83333333333337,125.0,118.0,19.0,,13.0,1.0,22.0,"('huntebr01', 2004)",False,False
2004.0,Sasha Vujačić,vujacsa01,2005,402.4333333333333,101.0,62.0,51.0,,12.0,2.0,15.0,"('vujacsa01', 2005)",False,False
2005.0,Sean May,mayse01,2006,398.4166666666667,189.0,109.0,22.0,,17.0,12.0,33.0,"('mayse01', 2006)",False,False
2004.0,Andris Biedriņš,biedran01,2005,382.3,109.0,118.0,12.0,,12.0,24.0,12.0,"('biedran01', 2005)",False,False
2005.0,Gerald Green,greenge01,2006,373.7166666666667,167.0,41.0,18.0,,13.0,4.0,22.0,"('greenge01', 2006)",False,False
2005.0,Antoine Wright,wrighan01,2006,370.2166666666666,70.0,30.0,12.0,,4.0,3.0,21.0,"('wrighan01', 2006)",False,False
2006.0,Quincy Douby,doubyqu01,2007,359.1833333333334,119.0,37.0,15.0,,15.0,4.0,15.0,"('doubyqu01', 2007)",False,False
2003.0,Reece Gaines,gainere01,2004,354.6833333333333,69.0,39.0,40.0,,11.0,2.0,18.0,"('gainere01', 2004)",False,False
2001.0,Bobby Simmons,simmobo01,2002,339.71666666666664,112.0,52.0,17.0,,13.0,5.0,14.0,,,
2005.0,Andrew Bynum,bynuman01,2006,338.3166666666667,74.0,80.0,9.0,,4.0,22.0,17.0,"('bynuman01', 2006)",False,False
2006.0,Bobby Jones,jonesbo02,2007,335.4833333333334,110.0,57.0,16.0,,11.0,1.0,18.0,"('jonesbo02', 2007)",False,False
2002.0,Qyntel Woods,woodsqy01,2003,334.9999999999999,128.0,53.0,12.0,,15.0,1.0,23.0,,,
2004.0,Bernard Robinson,robinbe01,2005,328.4333333333332,93.0,48.0,30.0,,11.0,4.0,20.0,"('robinbe01', 2005)",False,False
2001.0,Antonis Fotsis,fotsian01,2002,317.79999999999995,108.0,62.0,10.0,,9.0,11.0,21.0,,,
2000.0,DeShawn Stevenson,stevede01,2001,295.6833333333333,89.0,28.0,18.0,,10.0,2.0,28.0,,,
2001.0,Brian Scalabrine,scalabr01,2002,291.4333333333334,60.0,51.0,21.0,,9.0,2.0,24.0,,,
2002.0,Jared Jeffries,jeffrja01,2003,290.3500000000001,79.0,58.0,16.0,,8.0,5.0,21.0,,,
2002.0,Tamar Slay,slayta01,2003,273.5666666666666,92.0,31.0,14.0,,14.0,3.0,20.0,,,
2005.0,Brandon Bass,bassbr01,2006,268.4166666666667,68.0,68.0,3.0,,3.0,7.0,11.0,"('bassbr01', 2006)",False,False
2000.0,Joel Przybilla,przybjo01,2001,267.06666666666666,27.0,71.0,2.0,False,,,,,,
2000.0,Dalibor Bagarić,bagarda01,2001,260.0,47.0,56.0,10.0,,9.0,16.0,21.0,,,
2004.0,Pape Sow,sowpa01,2005,251.9666666666667,62.0,57.0,2.0,,12.0,4.0,10.0,"('sowpa01', 2005)",False,False
2005.0,Travis Diener,dienetr01,2006,245.98333333333335,88.0,21.0,16.0,,7.0,0.0,10.0,"('dienetr01', 2006)",False,False
2001.0,Kedrick Brown,brownke01,2002,245.13333333333333,63.0,50.0,15.0,,18.0,7.0,7.0,,,
2001.0,Ruben Boumtje-Boumtje,boumtru01,2002,244.88333333333335,39.0,55.0,4.0,,3.0,16.0,14.0,,,
2000.0,Dan Langhi,langhda01,2001,240.6833333333333,90.0,41.0,4.0,,7.0,1.0,8.0,,,
2001.0,Zach Randolph,randoza01,2002,237.21666666666675,114.0,69.0,13.0,,7.0,4.0,15.0,,,
2002.0,Jiří Welsch,welscji01,2003,229.95,61.0,28.0,27.0,,8.0,2.0,19.0,,,
2003.0,Maciej Lampe,lampema01,2004,224.95000000000002,96.0,44.0,9.0,,3.0,3.0,15.0,"('lampema01', 2004)",False,False
2000.0,Soumaila Samake,samakso01,2001,223.1,46.0,53.0,1.0,,2.0,14.0,4.0,,,
2000.0,Olumide Oyedeji,oyedeol01,2001,220.4833333333333,45.0,67.0,2.0,,7.0,10.0,11.0,,,
2000.0,Jason Collier,collija02,2001,218.9333333333333,71.0,37.0,6.0,,2.0,3.0,11.0,,,
2004.0,Antonio Burks,burksan01,2005,217.41666666666663,73.0,12.0,28.0,,13.0,1.0,12.0,"('burksan01', 2005)",False,False
2006.0,Maurice Ager,agerma01,2007,214.38333333333333,69.0,21.0,7.0,,4.0,3.0,15.0,"('agerma01', 2007)",False,False
2005.0,Robert Whaley,whalero01,2006,211.85,49.0,43.0,17.0,,7.0,8.0,14.0,"('whalero01', 2006)",False,False
2005.0,C.J. Miles,milescj01,2006,202.83333333333331,79.0,38.0,16.0,,7.0,2.0,9.0,"('milescj01', 2006)",False,False
2006.0,Shannon Brown,brownsh01,2007,201.51666666666668,73.0,21.0,10.0,,7.0,3.0,14.0,"('brownsh01', 2007)",False,False
2001.0,Brandon Armstrong,armstbr01,2002,194.9333333333333,64.0,16.0,8.0,,7.0,1.0,8.0,,,
2006.0,Steve Novak,novakst01,2007,190.53333333333333,51.0,26.0,6.0,,5.0,0.0,4.0,"('novakst01', 2007)",False,False
2006.0,Ryan Hollins,holliry01,2007,185.28333333333336,64.0,31.0,1.0,,4.0,7.0,16.0,"('holliry01', 2007)",False,False
2005.0,Lawrence Roberts,roberla01,2006,180.76666666666668,51.0,49.0,5.0,,8.0,2.0,5.0,"('roberla01', 2006)",False,False
2006.0,Paul Davis,davispa01,2007,179.83333333333326,51.0,44.0,7.0,,6.0,5.0,8.0,"('davispa01', 2007)",False,False
2000.0,Mike Smith,smithmi03,2001,179.48333333333332,51.0,22.0,10.0,,5.0,3.0,7.0,,,
2001.0,Samuel Dalembert,dalemsa01,2002,175.86666666666667,51.0,68.0,5.0,,6.0,13.0,14.0,,,
2005.0,Andray Blatche,blatcan01,2006,175.48333333333332,65.0,38.0,10.0,,5.0,7.0,12.0,"('blatcan01', 2006)",False,False
2006.0,Kyle Lowry,lowryky01,2007,175.41666666666666,56.0,31.0,32.0,,14.0,1.0,12.0,"('lowryky01', 2007)",False,False
2006.0,Damir Markota,markoda01,2007,170.38333333333335,51.0,31.0,6.0,,3.0,1.0,15.0,"('markoda01', 2007)",False,False
2006.0,Mouhamed Sene,senesa01,2007,169.45,53.0,45.0,0.0,,3.0,12.0,11.0,"('senesa01', 2007)",False,False
2000.0,Lavor Postell,postela01,2001,168.23333333333332,59.0,25.0,5.0,,4.0,2.0,17.0,,,
2002.0,Frank Williams,willifr02,2003,167.43333333333334,28.0,18.0,34.0,,7.0,2.0,17.0,,,
2006.0,Will Blalock,blalowi01,2007,165.68333333333334,25.0,15.0,17.0,,5.0,0.0,12.0,"('blalowi01', 2007)",False,False
2005.0,Ronny Turiaf,turiaro01,2006,161.25000000000003,45.0,37.0,8.0,,3.0,10.0,7.0,"('turiaro01', 2006)",False,False
2003.0,Darko Miličić,milicda01,2004,159.6166666666667,48.0,43.0,7.0,,7.0,15.0,13.0,"('milicda01', 2004)",False,False
2005.0,Jason Maxiell,maxieja01,2006,158.76666666666665,60.0,28.0,3.0,,4.0,5.0,11.0,"('maxieja01', 2006)",False,False
2003.0,Dahntay Jones,jonesda02,2004,154.38333333333333,36.0,23.0,12.0,,5.0,6.0,12.0,"('jonesda02', 2004)",False,False
2005.0,Lou Williams,willilo02,2006,144.68333333333334,56.0,19.0,10.0,,5.0,0.0,13.0,"('willilo02', 2006)",False,False
2000.0,Jake Voskuhl,voskuja01,2001,143.95,30.0,34.0,5.0,,5.0,6.0,12.0,,,
2005.0,Chris Taft,taftch01,2006,143.91666666666669,47.0,36.0,2.0,,2.0,7.0,2.0,"('taftch01', 2006)",False,False
2006.0,James White,whiteja02,2007,136.56666666666666,50.0,20.0,5.0,,3.0,1.0,5.0,"('whiteja02', 2007)",False,False
2000.0,Jérôme Moïso,moisoje01,2001,136.03333333333333,35.0,42.0,3.0,False,,,,,,
2005.0,Bracey Wright,wrighbr02,2006,135.1,62.0,18.0,5.0,,1.0,0.0,8.0,"('wrighbr02', 2006)",False,False
2001.0,Rodney White,whitero02,2002,127.5,56.0,18.0,12.0,,9.0,2.0,14.0,,,
2005.0,Yaroslav Korolev,korolya01,2006,127.01666666666665,27.0,13.0,9.0,,3.0,0.0,6.0,"('korolya01', 2006)",False,False
2001.0,Alvin Jones,jonesal01,2002,124.6,26.0,36.0,3.0,,3.0,9.0,11.0,,,
2000.0,Brian Cardinal,cardibr01,2001,124.26666666666668,31.0,23.0,3.0,,7.0,2.0,9.0,,,
2006.0,Patrick O'Bryant,obryapa01,2007,118.75000000000001,31.0,21.0,9.0,,6.0,8.0,8.0,"('obryapa01', 2007)",False,False
2001.0,Michael Bradley,bradlmi01,2002,117.65,30.0,24.0,3.0,,0.0,6.0,6.0,,,
2004.0,Justin Reed,reedju01,2005,115.95000000000002,41.0,16.0,10.0,,3.0,1.0,5.0,"('reedju01', 2005)",False,False
2002.0,Roger Mason,masonro01,2003,114.25,30.0,12.0,12.0,,4.0,0.0,5.0,,,
2002.0,Fred Jones,jonesfr01,2003,112.56666666666666,23.0,9.0,5.0,,6.0,1.0,6.0,,,
2001.0,DeSagana Diop,diopde01,2002,109.5,25.0,17.0,5.0,,1.0,10.0,12.0,,,
2006.0,Marcus Vinicius,vincima01,2007,103.35,22.0,11.0,5.0,,2.0,1.0,6.0,"('vincima01', 2007)",False,False
2004.0,Ha Seung-Jin,seungha01,2005,100.16666666666664,26.0,18.0,2.0,,1.0,5.0,12.0,"('seungha01', 2005)",False,False
2006.0,P.J. Tucker,tuckepj01,2007,83.41666666666666,30.0,23.0,3.0,,2.0,0.0,6.0,"('tuckepj01', 2007)",False,False
2002.0,Boštjan Nachbar,nachbbo01,2003,78.16666666666667,29.0,11.0,3.0,,2.0,2.0,6.0,,,
2001.0,Kirk Haston,hastoki01,2002,77.25,26.0,20.0,5.0,,0.0,1.0,3.0,,,
2001.0,Jeff Trepagnier,trepaje01,2002,75.68333333333334,18.0,12.0,12.0,,8.0,4.0,11.0,,,
2004.0,Luis Flores,florelu01,2005,74.33333333333333,35.0,3.0,11.0,,2.0,0.0,11.0,"('florelu01', 2005)",False,False
2005.0,Von Wafer,wafervo01,2006,72.76666666666668,20.0,8.0,4.0,,3.0,0.0,1.0,"('wafervo01', 2006)",False,False
2002.0,Robert Archibald,archiro01,2003,72.08333333333333,19.0,17.0,3.0,,0.0,3.0,7.0,,,
2004.0,Robert Swift,swiftro01,2005,69.68333333333332,15.0,5.0,2.0,,1.0,7.0,4.0,"('swiftro01', 2005)",False,False
2000.0,Jabari Smith,smithja01,2001,65.88333333333333,26.0,8.0,6.0,,4.0,0.0,3.0,,,
2000.0,Donnell Harvey,harvedo01,2001,63.883333333333326,22.0,20.0,2.0,,3.0,1.0,7.0,,,
2001.0,Damone Brown,brownda02,2002,63.8,23.0,4.0,2.0,,1.0,1.0,9.0,,,
2002.0,Ronald Murray,murraro01,2003,62.900000000000006,27.0,4.0,5.0,,4.0,0.0,8.0,,,
2000.0,Dan McClintock,mcclida01,2001,58.46666666666667,18.0,17.0,1.0,,0.0,2.0,3.0,,,
2004.0,Luke Jackson,jackslu02,2005,43.08333333333333,29.0,6.0,3.0,,0.0,0.0,2.0,"('jackslu02', 2005)",False,False
2005.0,Dijon Thompson,thompdi01,2006,42.533333333333324,28.0,11.0,1.0,,3.0,1.0,2.0,"('thompdi01', 2006)",False,False
2001.0,Jamison Brewer,breweja01,2002,42.31666666666666,4.0,8.0,9.0,,2.0,0.0,3.0,,,
2005.0,Amir Johnson,johnsam01,2006,38.766666666666666,20.0,4.0,3.0,,0.0,2.0,4.0,"('johnsam01', 2006)",False,False
2001.0,Joseph Forte,fortejo01,2002,38.03333333333333,6.0,6.0,6.0,,2.0,0.0,3.0,,,
2000.0,Erick Barkley,barkler01,2001,37.35,19.0,3.0,6.0,,2.0,0.0,5.0,,,
2003.0,Kendrick Perkins,perkike01,2004,35.21666666666667,22.0,14.0,3.0,,0.0,2.0,5.0,"('perkike01', 2004)",False,False
2005.0,Alex Acker,ackeral01,2006,35.1,9.0,5.0,4.0,,1.0,0.0,4.0,"('ackeral01', 2006)",False,False
2000.0,Michael Redd,reddmi01,2001,35.05,13.0,4.0,1.0,,1.0,0.0,1.0,,,
2003.0,Troy Bell,belltr01,2004,34.9,11.0,4.0,4.0,,1.0,0.0,6.0,"('belltr01', 2004)",False,False
2001.0,Jeryl Sasser,sasseje01,2002,34.21666666666667,10.0,7.0,2.0,,3.0,0.0,2.0,,,
2002.0,Tito Maddox,maddoti01,2003,34.016666666666666,11.0,7.0,5.0,,3.0,1.0,3.0,,,
2005.0,Julius Hodge,hodgeju01,2006,32.99999999999999,13.0,7.0,6.0,,2.0,0.0,8.0,"('hodgeju01', 2006)",False,False
2003.0,Ndudi Ebi,ebind01,2004,31.533333333333335,13.0,3.0,3.0,,0.0,4.0,3.0,"('ebind01', 2004)",False,False
2004.0,Dorell Wright,wrighdo01,2005,27.733333333333334,7.0,1.0,3.0,,4.0,0.0,3.0,"('wrighdo01', 2005)",False,False
2003.0,James Jones,jonesja02,2004,26.016666666666666,7.0,2.0,0.0,,1.0,0.0,0.0,"('jonesja02', 2004)",False,False
2004.0,Andre Emmett,emmetan01,2005,25.933333333333334,7.0,2.0,0.0,,0.0,0.0,1.0,"('emmetan01', 2005)",False,False
2004.0,Peter John Ramos,ramospe01,2005,19.566666666666666,11.0,4.0,0.0,,0.0,1.0,3.0,"('ramospe01', 2005)",False,False
2003.0,Travis Outlaw,outlatr01,2004,18.75,8.0,4.0,1.0,,1.0,0.0,1.0,"('outlatr01', 2004)",False,False
2000.0,Jason Hart,hartja01,2001,9.916666666666666,2.0,0.0,1.0,,0.0,0.0,2.0,,,
2000.0,Mamadou N'Diaye,ndiayma02,2001,9.433333333333334,4.0,2.0,0.0,,0.0,0.0,0.0,,,
2005.0,Martynas Andriuškevičius,andrima01,2006,9.383333333333333,0.0,4.0,0.0,,2.0,0.0,0.0,"('andrima01', 2006)",False,False
2002.0,Jamal Sampson,sampsja01,2003,8.816666666666666,0.0,2.0,1.0,,1.0,0.0,0.0,,,
2004.0,Pavel Podkolzin,podkopa01,2005,7.583333333333334,1.0,2.0,0.0,,0.0,0.0,2.0,"('podkopa01', 2005)",False,False
2006.0,James Augustine,augusja01,2007,7.316666666666666,2.0,3.0,2.0,,0.0,0.0,0.0,"('augusja01', 2007)",False,False
2002.0,Chris Owens,owensch01,2003,6.316666666666666,4.0,1.0,0.0,,0.0,0.0,1.0,,,
2003.0,Jerome Beasley,beaslje01,2004,5.116666666666667,2.0,1.0,0.0,,0.0,0.0,0.0,"('beaslje01', 2004)",False,False
2003.0,Slavko Vraneš,vranesl01,2004,2.75,0.0,0.0,0.0,,0.0,0.0,0.0,"('vranesl01', 2004)",False,False
